"PARENT_SAMPLE_NAME","CLIENT_IDENTIFIER","NEG","POLAR","POS.EARLY","POS.LATE","BOX_NUMBER","CLIENT_MATRIX","CLIENT_SAMPLE_ID","CLIENT_SAMPLE_NUMBER","GROUP_ID","GROUP_NAME","SAMPLE_AMOUNT","SAMPLE_AMOUNT_UNITS","SAMPLE_BOX_LOCATION","SAMPLE_DESCRIPTION","TIME1","TIME_POINT","VOL_EXTRACTED","Sex","Blood.Volume","Gender"
"UNAZ-02793","FS28908721",247376,247384,247380,247372,"FE00535389","EDTA Plasma",1,1,"treat1_PreSymp","treat1",150,"uL","A1","Mouse Plasma","PreSymp",1,100,NA,0.5,"Female"
"UNAZ-02796","FS28908779",247376,247384,247380,247372,"FE00535389","EDTA Plasma",57,10,"treat1_Onset","treat1",150,"uL","C11","Mouse Plasma","Onset",2,100,NA,0.6,"Female"
"UNAZ-02797","FS28908724",247376,247384,247380,247372,"FE00535389","EDTA Plasma",64,13,"treat1_Onset","treat1",150,"uL","D5","Mouse Plasma","Onset",2,100,NA,0.65,"Female"
"UNAZ-02801","FS28908806",247376,247384,247380,247372,"FE00535389","EDTA Plasma",7,25,"treat1_End","treat1",150,"uL","G2","Mouse Plasma","End",3,100,NA,0.6,"Female"
"UNAZ-02803","FS28908745",247376,247384,247380,247372,"FE00535389","EDTA Plasma",10,31,"Ctl_PreSymp","Control",150,"uL","A4","Mouse Plasma","PreSymp",1,100,NA,0.6,"Female"
"UNAZ-02805","FS28908778",247376,247384,247380,247372,"FE00535389","EDTA Plasma",70,37,"Ctl_PreSymp","Control",150,"uL","B11","Mouse Plasma","PreSymp",1,100,NA,700,"Female"
"UNAZ-02806","FS28908771",247376,247384,247380,247372,"FE00535389","EDTA Plasma",56,40,"Ctl_Onset","Control",150,"uL","C10","Mouse Plasma","Onset",2,100,NA,0.6,"Female"
"UNAZ-02807","FS28908756",247376,247384,247380,247372,"FE00535389","EDTA Plasma",62,43,"Ctl_Onset","Control",150,"uL","D4","Mouse Plasma","Onset",2,100,NA,0.4,"Female"
"UNAZ-02809","FS28908789",247376,247384,247380,247372,"FE00535389","EDTA Plasma",5,49,"Ctl_End","Control",150,"uL","E12","Mouse Plasma","End",3,100,NA,0.7,"Female"
"UNAZ-02811","FS28908727",247376,247384,247380,247372,"FE00535389","EDTA Plasma",12,55,"Ctl_End","Control",150,"uL","G4","Mouse Plasma","End",3,100,NA,0.6,"Female"
"UNAZ-02812","FS28908793",247376,247384,247380,247372,"FE00535389","EDTA Plasma",31,58,"treat2_PreSymp","treat2",150,"uL","A10","Mouse Plasma","PreSymp",1,100,NA,0.65,"Female"
"UNAZ-02813","FS28908722",247376,247384,247380,247372,"FE00535389","EDTA Plasma",35,61,"treat2_PreSymp","treat2",150,"uL","B1","Mouse Plasma","PreSymp",1,100,NA,0.75,"Female"
"UNAZ-02815","FS28908731",247376,247384,247380,247372,"FE00535389","EDTA Plasma",51,67,"treat2_Onset","treat2",150,"uL","C5","Mouse Plasma","Onset",2,100,NA,0.6,"Female"
"UNAZ-02816","FS28908755",247376,247384,247380,247372,"FE00535389","EDTA Plasma",54,70,"treat2_Onset","treat2",150,"uL","C8","Mouse Plasma","Onset",2,100,NA,0.6,"Female"
"UNAZ-02819","FS28908766",247376,247384,247380,247372,"FE00535389","EDTA Plasma",38,79,"treat2_End","treat2",150,"uL","F9","Mouse Plasma","End",3,100,NA,0.8,"Female"
"UNAZ-02822","FS28908729",247376,247384,247380,247372,"FE00535389","EDTA Plasma",6,2,"treat1_PreSymp","treat1",150,"uL","A2","Mouse Plasma","PreSymp",1,100,NA,0.6,"Female"
"UNAZ-02823","FS29250501",247376,247384,247380,247372,"FE00535389","EDTA Plasma",65,5,"treat1_PreSymp","treat1",150,"uL","B8","Mouse Plasma","PreSymp",1,100,NA,500,"Female"
"UNAZ-02825","FS28908787",247376,247384,247380,247372,"FE00535389","EDTA Plasma",58,11,"treat1_Onset","treat1",150,"uL","C12","Mouse Plasma","Onset",2,100,NA,0.65,"Female"
"UNAZ-02826","FS28908732",247376,247384,247380,247372,"FE00535389","EDTA Plasma",68,14,"treat1_Onset","treat1",150,"uL","D6","Mouse Plasma","Onset",2,90,NA,0.6,"Female"
"UNAZ-02828","FS28908773",247376,247384,247380,247372,"FE00535389","EDTA Plasma",2,20,"treat1_End","treat1",150,"uL","E10","Mouse Plasma","End",3,100,NA,0.5,"Female"
"UNAZ-02830","FS28908735",247376,247384,247380,247372,"FE00535389","EDTA Plasma",13,26,"treat1_End","treat1",150,"uL","G5","Mouse Plasma","End",3,100,NA,0.5,"Female"
"UNAZ-02833","FS29250280",247376,247384,247380,247372,"FE00535389","EDTA Plasma",63,35,"Ctl_PreSymp","Control",150,"uL","B7","Mouse Plasma","PreSymp",1,100,NA,500,"Female"
"UNAZ-02835","FS28908795",247376,247384,247380,247372,"FE00535389","EDTA Plasma",59,41,"Ctl_Onset","Control",150,"uL","D1","Mouse Plasma","Onset",2,100,NA,0.6,"Female"
"UNAZ-02836","FS28908740",247376,247384,247380,247372,"FE00535389","EDTA Plasma",69,44,"Ctl_Onset","Control",150,"uL","D7","Mouse Plasma","Onset",2,100,NA,0.5,"Female"
"UNAZ-02839","FS28908798",247376,247384,247380,247372,"FE00535389","EDTA Plasma",3,53,"Ctl_End","Control",150,"uL","G1","Mouse Plasma","End",3,100,NA,0.7,"Female"
"UNAZ-02841","FS28908801",247376,247384,247380,247372,"FE00535389","EDTA Plasma",32,59,"treat2_PreSymp","treat2",150,"uL","A11","Mouse Plasma","PreSymp",1,100,NA,0.8,"Female"
"UNAZ-02842","FS28908730",247376,247384,247380,247372,"FE00535389","EDTA Plasma",36,62,"treat2_PreSymp","treat2",150,"uL","B2","Mouse Plasma","PreSymp",1,100,NA,0.6,"Female"
"UNAZ-02844","FS28908739",247376,247384,247380,247372,"FE00535389","EDTA Plasma",52,68,"treat2_Onset","treat2",150,"uL","C6","Mouse Plasma","Onset",2,100,NA,0.7,"Female"
"UNAZ-02845","FS28908763",247376,247384,247380,247372,"FE00535389","EDTA Plasma",55,71,"treat2_Onset","treat2",150,"uL","C9","Mouse Plasma","Onset",2,100,NA,0.5,"Female"
"UNAZ-02847","FS28908750",247376,247384,247380,247372,"FE00535389","EDTA Plasma",34,77,"treat2_End","treat2",150,"uL","F7","Mouse Plasma","End",3,100,NA,0.5,"Female"
"UNAZ-02849","FS28908783",247376,247384,247380,247372,"FE00535389","EDTA Plasma",39,83,"treat2_End","treat2",150,"uL","G11","Mouse Plasma","End",3,100,NA,0.6,"Female"
"UNAZ-02851","FS28908753",247376,247384,247380,247372,"FE00535389","EDTA Plasma",11,3,"treat1_PreSymp","treat1",150,"uL","A5","Mouse Plasma","PreSymp",1,100,NA,0.6,"Female"
"UNAZ-02852","FS28898516",247376,247384,247380,247372,"FE00535389","EDTA Plasma",66,6,"treat1_PreSymp","treat1",150,"uL","B9","Mouse Plasma","PreSymp",1,100,NA,500,"Female"
"UNAZ-02854","FS28908803",247376,247384,247380,247372,"FE00535389","EDTA Plasma",60,12,"treat1_Onset","treat1",150,"uL","D2","Mouse Plasma","Onset",2,100,NA,0.6,"Female"
"UNAZ-02857","FS28908781",247376,247384,247380,247372,"FE00535389","EDTA Plasma",4,21,"treat1_End","treat1",150,"uL","E11","Mouse Plasma","End",3,100,NA,0.55,"Female"
"UNAZ-02859","FS28908743",247376,247384,247380,247372,"FE00535389","EDTA Plasma",15,27,"treat1_End","treat1",150,"uL","G6","Mouse Plasma","End",3,100,NA,0.6,"Female"
"UNAZ-02860","FS28908737",247376,247384,247380,247372,"FE00535389","EDTA Plasma",9,30,"Ctl_PreSymp","Control",150,"uL","A3","Mouse Plasma","PreSymp",1,100,NA,0.7,"Female"
"UNAZ-02862","FS29250287",247376,247384,247380,247372,"FE00535389","EDTA Plasma",67,36,"Ctl_PreSymp","Control",150,"uL","B10","Mouse Plasma","PreSymp",1,100,NA,700,"Female"
"UNAZ-02864","FS28908811",247376,247384,247380,247372,"FE00535389","EDTA Plasma",61,42,"Ctl_Onset","Control",150,"uL","D3","Mouse Plasma","Onset",2,100,NA,0.6,"Female"
"UNAZ-02868","FS28908814",247376,247384,247380,247372,"FE00535389","EDTA Plasma",8,54,"Ctl_End","Control",150,"uL","G3","Mouse Plasma","End",3,100,NA,0.5,"Female"
"UNAZ-02870","FS28908809",247376,247384,247380,247372,"FE00535389","EDTA Plasma",33,60,"treat2_PreSymp","treat2",150,"uL","A12","Mouse Plasma","PreSymp",1,100,NA,0.7,"Female"
"UNAZ-02873","FS28908747",247376,247384,247380,247372,"FE00535389","EDTA Plasma",53,69,"treat2_Onset","treat2",150,"uL","C7","Mouse Plasma","Onset",2,100,NA,0.7,"Female"
"UNAZ-02876","FS28908758",247376,247384,247380,247372,"FE00535389","EDTA Plasma",37,78,"treat2_End","treat2",150,"uL","F8","Mouse Plasma","End",3,100,NA,0.7,"Female"
"UNAZ-02878","FS28908791",247376,247384,247380,247372,"FE00535389","EDTA Plasma",40,84,"treat2_End","treat2",150,"uL","G12","Mouse Plasma","End",3,100,NA,0.6,"Female"
"UNAZ-02794","FS28908761",247376,247384,247380,247372,"FE00535389","EDTA Plasma",19,4,"treat1_PreSymp","treat1",150,"uL","A6","Mouse Plasma","PreSymp",1,100,NA,0.9,"Male"
"UNAZ-02795","FS28908786",247376,247384,247380,247372,"FE00535389","EDTA Plasma",79,7,"treat1_PreSymp","treat1",150,"uL","B12","Mouse Plasma","PreSymp",1,100,NA,650,"Male"
"UNAZ-02798","FS28908812",247376,247384,247380,247372,"FE00535389","EDTA Plasma",78,16,"treat1_Onset","treat1",150,"uL","E3","Mouse Plasma","Onset",2,100,NA,0.9,"Male"
"UNAZ-02799","FS28908765",247376,247384,247380,247372,"FE00535389","EDTA Plasma",86,19,"treat1_Onset","treat1",150,"uL","E9","Mouse Plasma","Onset",2,100,NA,0.8,"Male"
"UNAZ-02800","FS28908797",247376,247384,247380,247372,"FE00535389","EDTA Plasma",18,22,"treat1_End","treat1",150,"uL","F1","Mouse Plasma","End",3,100,NA,0.5,"Male"
"UNAZ-02802","FS28908751",247376,247384,247380,247372,"FE00535389","EDTA Plasma",16,28,"treat1_End","treat1",150,"uL","G7","Mouse Plasma","End",3,100,NA,0.9,"Male"
"UNAZ-02804","FS28908785",247376,247384,247380,247372,"FE00535389","EDTA Plasma",30,34,"Ctl_PreSymp","Control",150,"uL","A9","Mouse Plasma","PreSymp",1,100,NA,0.8,"Male"
"UNAZ-02808","FS28908733",247376,247384,247380,247372,"FE00535389","EDTA Plasma",82,46,"Ctl_Onset","Control",150,"uL","E5","Mouse Plasma","Onset",2,100,NA,0.5,"Male"
"UNAZ-02810","FS28908734",247376,247384,247380,247372,"FE00535389","EDTA Plasma",28,52,"Ctl_End","Control",150,"uL","F5","Mouse Plasma","End",3,100,NA,0.6,"Male"
"UNAZ-02814","FS28908754",247376,247384,247380,247372,"FE00535389","EDTA Plasma",48,64,"treat2_PreSymp","treat2",150,"uL","B4","Mouse Plasma","PreSymp",1,100,NA,0.8,"Male"
"UNAZ-02817","FS28908764",247376,247384,247380,247372,"FE00535389","EDTA Plasma",72,73,"treat2_Onset","treat2",150,"uL","D9","Mouse Plasma","Onset",2,100,NA,1,"Male"
"UNAZ-02818","FS28908788",247376,247384,247380,247372,"FE00535389","EDTA Plasma",75,76,"treat2_Onset","treat2",150,"uL","D12","Mouse Plasma","Onset",2,100,NA,1.1,"Male"
"UNAZ-02820","FS28908790",247376,247384,247380,247372,"FE00535389","EDTA Plasma",43,82,"treat2_End","treat2",150,"uL","F12","Mouse Plasma","End",3,100,NA,0.8,"Male"
"UNAZ-02821","FS28908799",247376,247384,247380,247372,"FE00535389","EDTA Plasma",44,85,"treat2_End","treat2",150,"uL","H1","Mouse Plasma","End",3,100,NA,1,"Male"
"UNAZ-02824","FS28908794",247376,247384,247380,247372,"FE00535389","EDTA Plasma",87,8,"treat1_PreSymp","treat1",150,"uL","C1","Mouse Plasma","PreSymp",1,100,NA,800,"Male"
"UNAZ-02827","FS28908725",247376,247384,247380,247372,"FE00535389","EDTA Plasma",81,17,"treat1_Onset","treat1",150,"uL","E4","Mouse Plasma","Onset",2,100,NA,0.7,"Male"
"UNAZ-02829","FS28908813",247376,247384,247380,247372,"FE00535389","EDTA Plasma",26,23,"treat1_End","treat1",150,"uL","F3","Mouse Plasma","End",3,100,NA,0.7,"Male"
"UNAZ-02831","FS28908767",247376,247384,247380,247372,"FE00535389","EDTA Plasma",22,29,"treat1_End","treat1",150,"uL","G9","Mouse Plasma","End",3,100,NA,0.7,"Male"
"UNAZ-02832","FS28908769",247376,247384,247380,247372,"FE00535389","EDTA Plasma",21,32,"Ctl_PreSymp","Control",150,"uL","A7","Mouse Plasma","PreSymp",1,100,NA,0.9,"Male"
"UNAZ-02834","FS28908802",247376,247384,247380,247372,"FE00535389","EDTA Plasma",88,38,"Ctl_PreSymp","Control",150,"uL","C2","Mouse Plasma","PreSymp",1,100,NA,850,"Male"
"UNAZ-02837","FS28908741",247376,247384,247380,247372,"FE00535389","EDTA Plasma",83,47,"Ctl_Onset","Control",150,"uL","E6","Mouse Plasma","Onset",2,100,NA,0.7,"Male"
"UNAZ-02838","FS28908805",247376,247384,247380,247372,"FE00535389","EDTA Plasma",20,50,"Ctl_End","Control",150,"uL","F2","Mouse Plasma","End",3,100,NA,0.55,"Male"
"UNAZ-02840","FS28908759",247376,247384,247380,247372,"FE00535389","EDTA Plasma",17,56,"Ctl_End","Control",150,"uL","G8","Mouse Plasma","End",3,100,NA,0.9,"Male"
"UNAZ-02843","FS28908762",247376,247384,247380,247372,"FE00535389","EDTA Plasma",49,65,"treat2_PreSymp","treat2",150,"uL","B5","Mouse Plasma","PreSymp",1,100,NA,0.7,"Male"
"UNAZ-02846","FS28908772",247376,247384,247380,247372,"FE00535389","EDTA Plasma",73,74,"treat2_Onset","treat2",150,"uL","D10","Mouse Plasma","Onset",2,100,NA,1,"Male"
"UNAZ-02848","FS28908774",247376,247384,247380,247372,"FE00535389","EDTA Plasma",41,80,"treat2_End","treat2",150,"uL","F10","Mouse Plasma","End",3,100,NA,0.9,"Male"
"UNAZ-02850","FS28908807",247376,247384,247380,247372,"FE00535389","EDTA Plasma",45,86,"treat2_End","treat2",150,"uL","H2","Mouse Plasma","End",3,100,NA,0.9,"Male"
"UNAZ-02853","FS28908723",247376,247384,247380,247372,"FE00535389","EDTA Plasma",90,9,"treat1_PreSymp","treat1",150,"uL","C4","Mouse Plasma","PreSymp",1,100,NA,400,"Male"
"UNAZ-02855","FS28908804",247376,247384,247380,247372,"FE00535389","EDTA Plasma",77,15,"treat1_Onset","treat1",150,"uL","E2","Mouse Plasma","Onset",2,100,NA,0.8,"Male"
"UNAZ-02856","FS28908749",247376,247384,247380,247372,"FE00535389","EDTA Plasma",84,18,"treat1_Onset","treat1",150,"uL","E7","Mouse Plasma","Onset",2,100,NA,0.8,"Male"
"UNAZ-02858","FS28908742",247376,247384,247380,247372,"FE00535389","EDTA Plasma",29,24,"treat1_End","treat1",150,"uL","F6","Mouse Plasma","End",3,100,NA,0.5,"Male"
"UNAZ-02861","FS28908777",247376,247384,247380,247372,"FE00535389","EDTA Plasma",24,33,"Ctl_PreSymp","Control",150,"uL","A8","Mouse Plasma","PreSymp",1,100,NA,0.85,"Male"
"UNAZ-02863","FS28908810",247376,247384,247380,247372,"FE00535389","EDTA Plasma",89,39,"Ctl_PreSymp","Control",150,"uL","C3","Mouse Plasma","PreSymp",1,100,NA,850,"Male"
"UNAZ-02865","FS28908796",247376,247384,247380,247372,"FE00535389","EDTA Plasma",76,45,"Ctl_Onset","Control",150,"uL","E1","Mouse Plasma","Onset",2,100,NA,0.8,"Male"
"UNAZ-02866","FS28908757",247376,247384,247380,247372,"FE00535389","EDTA Plasma",85,48,"Ctl_Onset","Control",150,"uL","E8","Mouse Plasma","Onset",2,100,NA,0.85,"Male"
"UNAZ-02867","FS28908726",247376,247384,247380,247372,"FE00535389","EDTA Plasma",27,51,"Ctl_End","Control",150,"uL","F4","Mouse Plasma","End",3,100,NA,0.7,"Male"
"UNAZ-02869","FS28908775",247376,247384,247380,247372,"FE00535389","EDTA Plasma",23,57,"Ctl_End","Control",150,"uL","G10","Mouse Plasma","End",3,100,NA,0.65,"Male"
"UNAZ-02871","FS28908738",247376,247384,247380,247372,"FE00535389","EDTA Plasma",46,63,"treat2_PreSymp","treat2",150,"uL","B3","Mouse Plasma","PreSymp",1,100,NA,1,"Male"
"UNAZ-02872","FS28908770",247376,247384,247380,247372,"FE00535389","EDTA Plasma",50,66,"treat2_PreSymp","treat2",150,"uL","B6","Mouse Plasma","PreSymp",1,100,NA,0.75,"Male"
"UNAZ-02874","FS28908748",247376,247384,247380,247372,"FE00535389","EDTA Plasma",71,72,"treat2_Onset","treat2",150,"uL","D8","Mouse Plasma","Onset",2,100,NA,0.4,"Male"
"UNAZ-02875","FS28908780",247376,247384,247380,247372,"FE00535389","EDTA Plasma",74,75,"treat2_Onset","treat2",150,"uL","D11","Mouse Plasma","Onset",2,100,NA,1.5,"Male"
"UNAZ-02877","FS28908782",247376,247384,247380,247372,"FE00535389","EDTA Plasma",42,81,"treat2_End","treat2",150,"uL","F11","Mouse Plasma","End",3,100,NA,0.7,"Male"
